createCustomer,2025-06-06T22:28:53.863344
updateCustomer,2025-06-06T22:28:53.879524800
deleteCustomer,2025-06-06T22:28:53.883258500
createVenue,2025-06-06T22:28:53.887120600
updateVenue,2025-06-06T22:28:53.888629200
deleteVenue,2025-06-06T22:28:53.896570600
createVenue,2025-06-06T22:28:53.898573200
createEvent,2025-06-06T22:28:53.903480900
updateEvent,2025-06-06T22:28:53.906542500
deleteEvent,2025-06-06T22:28:53.908992800
createCustomer,2025-06-06T22:28:53.917521700
createVenue,2025-06-06T22:28:53.923182700
createEvent,2025-06-06T22:28:53.924180900
createCustomer,2025-06-06T22:33:50.130616100
updateCustomer,2025-06-06T22:33:50.141778400
deleteCustomer,2025-06-06T22:33:50.144775300
createVenue,2025-06-06T22:33:50.150470500
updateVenue,2025-06-06T22:33:50.152988900
deleteVenue,2025-06-06T22:33:50.155984700
createVenue,2025-06-06T22:33:50.157000600
createEvent,2025-06-06T22:33:50.168047300
updateEvent,2025-06-06T22:33:50.172786600
deleteEvent,2025-06-06T22:33:50.174779200
createCustomer,2025-06-06T22:33:50.176779500
createVenue,2025-06-06T22:33:50.177779
createEvent,2025-06-06T22:33:50.180559400
createCustomer,2025-06-06T22:38:15.774866400
updateCustomer,2025-06-06T22:38:15.785420700
deleteCustomer,2025-06-06T22:38:15.788419400
createVenue,2025-06-06T22:38:15.793437900
updateVenue,2025-06-06T22:38:15.795436600
deleteVenue,2025-06-06T22:38:15.798438300
createVenue,2025-06-06T22:38:15.799775800
createEvent,2025-06-06T22:38:15.808429600
updateEvent,2025-06-06T22:38:15.810548900
deleteEvent,2025-06-06T22:38:15.812554200
createCustomer,2025-06-06T22:38:15.813553900
createVenue,2025-06-06T22:38:15.814554300
createEvent,2025-06-06T22:38:15.815552900
createTicket,2025-06-06T22:38:15.818553200
createCustomer,2025-06-06T22:39:14.626474800
updateCustomer,2025-06-06T22:39:14.639315800
deleteCustomer,2025-06-06T22:39:14.643323700
createVenue,2025-06-06T22:39:14.648831500
updateVenue,2025-06-06T22:39:14.653470200
deleteVenue,2025-06-06T22:39:14.659502500
createVenue,2025-06-06T22:39:14.660809500
createEvent,2025-06-06T22:39:14.665702400
updateEvent,2025-06-06T22:39:14.668709600
deleteEvent,2025-06-06T22:39:14.670235300
createCustomer,2025-06-06T22:39:14.672235600
createVenue,2025-06-06T22:39:14.673236700
createEvent,2025-06-06T22:39:14.674423400
createTicket,2025-06-06T22:39:14.677428800
updateTicket,2025-06-06T22:39:14.689268400
deleteTicket,2025-06-06T22:39:14.691274
createCustomer,2025-06-06T22:41:59.412087300
updateCustomer,2025-06-06T22:41:59.424730700
deleteCustomer,2025-06-06T22:41:59.426731700
createVenue,2025-06-06T22:41:59.432052900
updateVenue,2025-06-06T22:41:59.434053700
deleteVenue,2025-06-06T22:41:59.439055900
createVenue,2025-06-06T22:41:59.442683100
createEvent,2025-06-06T22:41:59.453222100
updateEvent,2025-06-06T22:41:59.456221600
deleteEvent,2025-06-06T22:41:59.458421
createCustomer,2025-06-06T22:41:59.464574500
createVenue,2025-06-06T22:41:59.466563900
createEvent,2025-06-06T22:41:59.467560200
createTicket,2025-06-06T22:41:59.471209300
updateTicket,2025-06-06T22:41:59.474209300
deleteTicket,2025-06-06T22:41:59.476713700
